Expenditure,Mean
Education,0.2781482945
Public Welfare,0.2200219745
Hospitals,0.0290149538
Health,0.0274865457
Highways,0.0587538398
Police Protection,0.0073334375
Correction,0.0211296567
Natural Resources,0.01315926
Parks and Rec,0.0030779688
Government Administration,0.0266937491
Interest on General Debt,0.0205597613
Other and Unallocable,0.0675434278
Utility,0.0073109617
Liquor Stores,0.0040049361
Insurance Trust,0.1189494096
