Expenditure,Mean
Education,205.2519059496
Public Welfare,162.2925723173
Hospitals,20.5572057606
Health,20.9142885149
Highways,45.1569858503
Police Protection,5.6693000396
Correction,15.7772157433
Natural Resources,10.8675705403
Parks and Rec,2.3635363355
Government Administration,21.1029715597
Interest on General Debt,15.6547340496
Other and Unallocable,55.0971705704
Utility,6.1698206674
Liquor Stores,2.874357898
Insurance Trust,88.6134902823
